101011,INDEX
101021,INDEX_ON_CIRCLE
101031,INDEX_ON_CUP
101041,INDEX_ON_OVAL
101051,INDEX_ON_HINGE
101061,INDEX_ON_ANGLE
101071,INDEX_BENT
101081,INDEX_BENT_ON_CIRCLE
101091,INDEX_BENT_ON_FIRST_THUMB_UNDER
101101,INDEX_RAISED_KNUCKLE
101111,INDEX_CUP
101121,INDEX_HINGE_ON_FIST
101131,INDEX_HINGE_ON_FIST_LOW
101141,INDEX_HINGE_ON_CIRCLE
102011,INDEX_MIDDLE
102021,INDEX_MIDDLE_ON_CIRCLE
102031,INDEX_MIDDLE_BENT
102041,INDEX_MIDDLE_RAISED_KNUCKLES
102051,INDEX_MIDDLE_HINGE
102061,INDEX_UP_MIDDLE_HINGE
102071,INDEX_HINGE_MIDDLE_UP
102081,INDEX_MIDDLE_UNIT
102091,INDEX_MIDDLE_UNIT_INDEX_BENT
102101,INDEX_MIDDLE_UNIT_MIDDLE_BENT
102111,INDEX_MIDDLE_UNIT_CUP
102121,INDEX_MIDDLE_UNIT_HINGE
102131,INDEX_MIDDLE_CROSS
102141,INDEX_MIDDLE_CROSS_ON_CIRCLE
102151,MIDDLE_BENT_OVER_INDEX
102161,INDEX_BENT_OVER_MIDDLE
103011,INDEX_MIDDLE_THUMB
103021,INDEX_MIDDLE_THUMB_ON_CIRCLE
103031,INDEX_MIDDLE_STRAIGHT_THUMB_BENT
103041,INDEX_MIDDLE_BENT_THUMB_STRAIGHT
103051,INDEX_MIDDLE_THUMB_BENT
103061,INDEX_MIDDLE_HINGE_SPREAD_THUMB_SIDE
103071,INDEX_UP_MIDDLE_HINGE_THUMB_SIDE
103081,INDEX_UP_MIDDLE_HINGE_THUMB_UNIT
103091,INDEX_HINGE_MIDDLE_UP_THUMB_SIDE
103101,INDEX_MIDDLE_UP_SPREAD_THUMB_FORWARD
103111,INDEX_MIDDLE_THUMB_CUP
103121,INDEX_MIDDLE_THUMB_CIRCLE
103131,INDEX_MIDDLE_THUMB_HOOK
103141,INDEX_MIDDLE_THUMB_HINGE
103151,THUMB_BETWEEN_INDEX_MIDDLE_STRAIGHT
103161,INDEX_MIDDLE_UNIT_THUMB_SIDE
103171,INDEX_MIDDLE_UNIT_THUMB_SIDE_UNIT
103181,INDEX_MIDDLE_UNIT_THUMB_SIDE_BENT
103191,MIDDLE_THUMB_HOOK_INDEX_UP
103201,INDEX_THUMB_HOOK_MIDDLE_UP
103211,INDEX_MIDDLE_UNIT_HINGE_THUMB_SIDE
103221,INDEX_MIDDLE_CROSS_THUMB_SIDE
103231,INDEX_MIDDLE_UNIT_THUMB_FORWARD
103241,INDEX_MIDDLE_UNIT_CUP_THUMB_FORWARD
103251,MIDDLE_THUMB_CUP_INDEX_UP
103261,INDEX_THUMB_CUP_MIDDLE_UP
103271,MIDDLE_THUMB_CIRCLE_INDEX_UP
103281,MIDDLE_THUMB_CIRCLE_INDEX_HINGE
103291,INDEX_THUMB_ANGLE_OUT_MIDDLE_UP
103301,INDEX_THUMB_ANGLE_IN_MIDDLE_UP
103311,INDEX_THUMB_CIRCLE_MIDDLE_UP
103321,INDEX_MIDDLE_THUMB_UNIT_HINGE
103331,INDEX_MIDDLE_THUMB_ANGLE_OUT
103341,INDEX_MIDDLE_THUMB_ANGLE
103351,MIDDLE_THUMB_ANGLE_OUT_INDEX_UP
103361,MIDDLE_THUMB_ANGLE_OUT_INDEX_CROSSED
103371,MIDDLE_THUMB_ANGLE_INDEX_UP
103381,INDEX_THUMB_HOOK_MIDDLE_HINGE
104011,FOUR_FINGERS
104021,FOUR_FINGERS_BENT
104031,FOUR_FINGERS_HINGE
104041,FOUR_FINGERS_UNIT
104051,FOUR_FINGERS_UNIT_SPLIT
104061,FOUR_FINGERS_UNIT_CLAW
104071,FOUR_FINGERS_UNIT_BENT
104081,FOUR_FINGERS_UNIT_HINGE
105011,FIVE_FINGERS_SPREAD
105021,FIVE_FINGERS_SPREAD_HEEL
105031,FIVE_FINGERS_SPREAD_FOUR_BENT
105041,FIVE_FINGERS_SPREAD_FOUR_BENT_HEEL
105051,FIVE_FINGERS_SPREAD_BENT
105061,FIVE_FINGERS_SPREAD_BENT_HEEL
105071,FIVE_FINGERS_SPREAD_THUMB_FORWARD
105081,FIVE_FINGERS_SPREAD_CUP
105091,FIVE_FINGERS_SPREAD_CUP_OPEN
105101,FIVE_FINGERS_SPREAD_HINGE_OPEN
105111,FIVE_FINGERS_SPREAD_OVAL
105121,FIVE_FINGERS_SPREAD_HINGE
105131,FIVE_FINGERS_SPREAD_HINGE_THUMB_SIDE
105141,FIVE_FINGERS_SPREAD_HINGE_NO_THUMB
105151,FLAT
105161,FLAT_BETWEEN_PALM_FACINGS
105171,FLAT_HEEL
105181,FLAT_THUMB_SIDE
105191,FLAT_THUMB_SIDE_HEEL
105201,FLAT_THUMB_BENT
105211,FLAT_THUMB_FORWARD
105221,FLAT_SPLIT_INDEX_THUMB_SIDE
105231,FLAT_SPLIT_CENTER
105241,FLAT_SPLIT_CENTER_THUMB_SIDE
105251,FLAT_SPLIT_CENTER_THUMB_SID_BENT
105261,FLAT_SPLIT_BABY
105271,CLAW
105281,CLAW_THUMB_SIDE
105291,CLAW_NO_THUMB
105301,CLAW_THUMB_FORWARD
105311,HOOK_CURLICUE
105321,HOOK
105331,CUP_OPEN
105341,CUP
105351,CUP_OPEN_THUMB_SIDE
105361,CUP_THUMB_SIDE
105371,CUP_OPEN_NO_THUMB
105381,CUP_NO_THUMB
105391,CUP_OPEN_THUMB_FORWARD
105401,CUP_THUMB_FORWARD
105411,CURLICUE_OPEN
105421,CURLICUE
105431,CIRCLE
105441,OVAL
105451,OVAL_THUMB_SIDE
105461,OVAL_NO_THUMB
105471,OVAL_THUMB_FORWARD
105481,HINGE_OPEN
105491,HINGE_OPEN_THUMB_FORWARD
105501,HINGE
105511,HINGE_SMALL
105521,HINGE_OPEN_THUMB_SIDE
105531,HINGE_THUMB_SIDE
105541,HINGE_OPEN_NO_THUMB
105551,HINGE_NO_THUMB
105561,HINGE_THUMB_SIDE_TOUCHES_INDEX
105571,HINGE_THUMB_BETWEEN_MIDDLE_RING
105581,ANGLE
106011,INDEX_MIDDLE_RING
106021,INDEX_MIDDLE_RING_ON_CIRCLE
106031,INDEX_MIDDLE_RING_ON_HINGE
106041,INDEX_MIDDLE_RING_ON_ANGLE
106051,BABY_HINGE
106061,INDEX_MIDDLE_RING_BENT
106071,INDEX_MIDDLE_RING_UNIT
106081,INDEX_MIDDLE_RING_UNIT_HINGE
106091,BABY_DOWN
106101,BABY_DOWN_RIPPLE_STRAIGHT
106111,BABY_DOWN_RIPPLE_CURVED
106121,BABY_DOWN_OTHERS_CIRCLE
106131,BABY_UP
106141,BABY_UP_ON_FIRST_THUMB_UNDER
106151,BABY_UP_ON_CIRCLE
106161,BABY_UP_ON_OVAL
106171,BABY_UP_ON_ANGLE
106181,BABY_RAISED_KNUCKLE
106191,BABY_BENT
106201,BABY_THOUCHES_THUMB
106211,BABY_THUMB
106221,BABY_THUMB_ON_HINGE
106231,BABY_INDEX_THUMB
106241,BABY_INDEX_THUMB_ON_HINGE
106251,BABY_INDEX_THUMB_INDEX_THUMB_ANGLE_OUT
106261,BABY_INDEX_THUMB_INDEX_THUMB_ANGLE
106271,BABY_INDEX
106281,BABY_INDEX_ON_CIRCLE
106291,BABY_INDEX_ON_HINGE
106301,BABY_INDEX_ON_ANGLE
107011,INDEX_MIDDLE_BABY
107021,INDEX_MIDDLE_BABY_ON_CIRCLE
107031,INDEX_MIDDLE_BABY_ON_HINGE
107041,RING_HINGE
107051,INDEX_MIDDLE_BABY_ON_ANGLE
107061,INDEX_MIDDLE_CROSS_WITH_BABY
107071,INDEX_MIDDLE_CROSS_WITH_BABY_ON_CIRCLE
107081,RING_DOWN
107091,RING_DOWN_INDEX_THUMB_HOOK_MIDDLE_HINGE
107101,RING_DOWN_MIDDLE_THUMB_ANGLE_INDEX_CROSS
107111,RING_UP
107121,RING_RAISED_KNUCKLE
107131,RING_BABY
107141,RING_BABY_ON_CIRCLE
107151,RING_BABY_ON_OVAL
107161,RING_BABY_ON_ANGLE
107171,RING_MIDDLE
107181,RING_MIDDLE_UNIT
107191,RING_MIDDLE_RAISED_KNUCKLES
107201,RING_INDEX
107211,RING_THUMB
107221,RING_THUMB_HOOK
108011,INDEX_RING_BABY
108021,INDEX_RING_BABY_ON_CIRCLE
108031,INDEX_RING_BABY_ON_CURLICUE
108041,INDEX_RING_BABY_ON_HOOK_OUT
108051,INDEX_RING_BABY_ON_HOOK_IN
108061,INDEX_RING_BABY_ON_HOOK_UNDER
108071,INDEX_RING_BABY_ON_CUP
108081,INDEX_RING_BABY_ON_HINGE
108091,INDEX_RING_BABY_ON_ANGLE_OUT
108101,INDEX_RING_BABY_ON_ANGLE
108111,MIDDLE_DOWN
108121,MIDDLE_HINGE
108131,MIDDLE_UP
108141,MIDDLE_UP_ON_CIRCLE
108151,MIDDLE_RAISED_KNUCKLE
108161,MIDDLE_UP_THUMB_SIDE
108171,MIDDLE_THUMB_HOOK
108181,MIDDLE_THUMB_BABY
108191,MIDDLE_BABY
109011,MIDDLE_RING_BABY
109021,MIDDLE_RING_BABY_ON_CIRCLE
109031,MIDDLE_RING_BABY_ON_CURLICUE
109041,MIDDLE_RING_BABY_ON_CUP
109051,MIDDLE_RING_BABY_ON_HINGE
109061,MIDDLE_RING_BABY_ON_ANGLE_OUT
109071,MIDDLE_RING_BABY_ON_ANGLE_IN
109081,MIDDLE_RING_BABY_ON_ANGLE
109091,MIDDLE_RING_BABY_BENT
109101,MIDDLE_RING_BABY_UNIT_ON_CLAW
109111,MIDDLE_RING_BABY_UNIT_ON_CLAW_SIDE
109121,MIDDLE_RING_BABY_UNIT_ON_HOOK_OUT
109131,MIDDLE_RING_BABY_UNIT_ON_HOOK_IN
109141,MIDDLE_RING_BABY_UNIT_ON_HOOK
109151,INDEX_HINGE
109161,INDEX_THUMB_SIDE
109171,INDEX_THUMB_SIDE_ON_HINGE
109181,INDEX_THUMB_SIDE_THUMB_DIAGONAL
109191,INDEX_THUMB_SIDE_THUMB_UNIT
109201,INDEX_THUMB_SIDE_THUMB_BENT
109211,INDEX_THUMB_SIDE_INDEX_BENT
109221,INDEX_THUMB_SIDE_BOTH_BENT
109231,INDEX_THUMB_SIDE_INDEX_HINGE
109241,INDEX_THUMB_FORWARD_INDEX_STRAIGHT
109251,INDEX_THUMB_FORWARD_INDEX_BENT
109261,INDEX_THUMB_HOOK
109271,INDEX_THUMB_CURLICUE
109281,INDEX_THUMB_CURVE_THUMB_INSIDE
109291,INDEX_THUMB_CURVE_THUMB_INSIDE_ON_CLAW
109301,INDEX_THUMB_CURVE_THUMB_UNDER
109311,INDEX_THUMB_CIRCLE
109321,INDEX_THUMB_CUP
109331,INDEX_THUMB_CUP_OPEN
109341,INDEX_THUMB_HINGE_OPEN
109351,INDEX_THUMB_HINGE_LARGE
109361,INDEX_THUMB_HINGE
109371,INDEX_THUMB_HINGE_SMALL
109381,INDEX_THUMB_ANGLE_OUT
109391,INDEX_THUMB_ANGLE_IN
109401,INDEX_THUMB_ANGLE
110011,THUMB
110021,THUMB_HEEL
110031,THUMB_SIDE_DIAGONAL
110041,THUMB_SIDE_UNIT
110051,THUMB_SIDE_BENT
110061,THUMB_FORWARD
110071,THUMB_BETWEEN_INDEX_MIDDLE
110081,THUMB_BETWEEN_MIDDLE_RING
110091,THUMB_BETWEEN_RING_BABY
110101,THUMB_UNDER_TWO_FINGERS
110111,THUMB_OVER_TWO_FINGERS
110121,THUMB_UNDER_THREE_FINGERS
110131,THUMB_UNDER_FOUR_FINGERS
110141,THUMB_OVER_FOUR_RAISED_KNUCKLES
110151,FIST
110161,FIST_HEEL
201011,TOUCH_SINGLE
201021,TOUCH_MULTIPE
201031,TOUCH_BETWEEN
201041,GRASP_SINGLE
201051,GRASP_MULTIPLE
201061,GRASP_BETWEEN
201071,STRIKE_SINGLE
201081,STRIKE_MULTIPLE
201091,STRIKE_BETWEEN
201101,BRUSH_SINGLE
201111,BRUSH_MULTIPLE
201121,BRUSH_BETWEEN
201131,RUB_SINGLE
201141,RUB_MULTIPLE
201151,RUB_BETWEEN
201161,SURFACE_SYMBOLS
201171,SURFACE_BETWEEN
202011,SQUEEZE_LARGE_SINGLE
202012,SQUEEZE_SMALL_SINGLE
202021,SQUEEZE_LARGE_MULTIPLE
202022,SQUEEZE_SMALL_MULTIPLE
202031,SQUEEZE_SEQUENTIAL
202041,FLICK_LARGE_SINGLE
202042,FLICK_SMALL_SINGLE
202051,FLICK_LARGE_MULTIPLE
202052,FLICK_SMALL_MULTIPLE
202061,FLICK_SEQUENTIAL
202071,SQUEEZE_FLICK_ALTERNATING
202081,HINGE_MOVEMENT_UP_DOWN_LARGE
202082,HINGE_MOVEMENT_UP_DOWN_SMALL
202091,HINGE_MOVEMENT_UP_SEQUENTIAL
202092,HINGE_MOVEMENT_DOWN_SEQUENTIAL
202101,HINGE_MOVEMENT_UP_DOWN_ALTERNATING_LARGE
202102,HINGE_MOVEMENT_UP_DOWN_ALTERNATING_SMALL
202111,HINGE_MOVEMENT_SIDE_TO_SIDE_SCISSORS
202121,FINGER_CONTACT_MOVEMENT_WALL_PLANE
202131,FINGER_CONTACT_MOVEMENT_FLOOR_PLANE
203011,SINGLE_STRAIGHT_MOVEMENT_WALL_PLANE_SMALL
203012,SINGLE_STRAIGHT_MOVEMENT_WALL_PLANE_MEDIUM
203013,SINGLE_STRAIGHT_MOVEMENT_WALL_PLANE_LARGE
203014,SINGLE_STRAIGHT_MOVEMENT_WALL_PLANE_LARGEST
203015,SINGLE_WRIST_FLEX_WALL_PLANE
203021,DOUBLE_STRAIGHT_MOVEMENT_WALL_PLANE
203022,DOUBLE_WRIST_FLEX_WALL_PLANE
203031,DOUBLE_ALTERNATING_MOVEMENT_WALL_PLANE
203032,DOUBLE_ALTERNATING_WRIST_FLEX_WALL_PLANE
203041,CROSS_MOVEMENT_WALL_PLANE
203051,TRIPPLE_STRAIGHT_MOVEMENT_WALL_PLANE
203052,TRIPPLE_WRIST_FLEX_WALL_PLANE
203061,TRIPPLE_ALTERNATING_MOVEMENT_WALL_PLANE
203062,TRIPPLE_ALTERNATING_WRIST_FLEX_WALL_PLANE
203071,BLEND_WALL_PLANE_SMALL
203072,BLEND_WALL_PLANE_MEDIUM
203073,BLEND_WALL_PLANE_LARGE
203081,CORNER_WALL_PLANE_SMALL
203082,CORNER_WALL_PLANE_MEDIUM
203083,CORNER_WALL_PLANE_LARGE
203084,CORNER_WALL_PLANE_WITH_ROTATION
203091,CHECK_WALL_PLANE_SMALL
203092,CHECK_WALL_PLANE_MEDIUM
203093,CHECK_WALL_PLANE_LARGE
203101,BOX_WALL_PLANE_SMALL
203102,BOX_WALL_PLANE_MEDIUM
203103,BOX_WALL_PLANE_LARGE
203111,ZIGZAG_WALL_PLANE_SMALL
203112,ZIGZAG_WALL_PLANE_MEDIUM
203113,ZIGZAG_WALL_PLANE_LARGE
203121,PEAKS_WALL_PLANE_SMALL
203122,PEAKS_WALL_PLANE_MEDIUM
203123,PEAKS_WALL_PLANE_LARGE
203131,TRAVEL_ROTATION_SINGLE_WALL_PLANE
203141,TRAVEL_ROTATION_DOUBLE_WALL_PLANE
203151,TRAVEL_ROTATION_ALTERNATING_WALL_PLANE
203161,TRAVEL_ROTATION_SINGLE_FLOOR_PLANE
203171,TRAVEL_ROTATION_DOUBLE_FLOOR_PLANE
203181,TRAVEL_ROTATION_ALTERNATING_FLOOR_PLANE
203191,TRAVEL_SHAKING_WALL_PLANE
203201,TRAVEL_ARM_SPIRAL_WALL_PLANE_SINGLE
203202,TRAVEL_ARM_SPIRAL_WALL_PLANE_DOUBLE
203203,TRAVEL_ARM_SPIRAL_WALL_PLANE_TRIPLE
204011,DIAGONAL_AWAY_MOVEMENT_SMALL
204012,DIAGONAL_AWAY_MOVEMENT_MEDIUM
204013,DIAGONAL_AWAY_MOVEMENT_LARGE
204014,DIAGONAL_AWAY_MOVEMENT_LARGEST
204021,DIAGONAL_TOWARDS_MOVEMENT_SMALL
204022,DIAGONAL_TOWARDS_MOVEMENT_MEDIUM
204023,DIAGONAL_TOWARDS_MOVEMENT_LARGE
204024,DIAGONAL_TOWARDS_MOVEMENT_LARGEST
204031,DIAGONAL_BETWEEN_AWAY_SMALL
204032,DIAGONAL_BETWEEN_AWAY_MEDIUM
204033,DIAGONAL_BETWEEN_AWAY_LARGE
204034,DIAGONAL_BETWEEN_AWAY_LARGEST
204041,DIAGONAL_BETWEEN_TOWARDS_SMALL
204042,DIAGONAL_BETWEEN_TOWARDS_MEDIUM
204043,DIAGONAL_BETWEEN_TOWARDS_LARGE
204044,DIAGONAL_BETWEEN_TOWARDS_LARGEST
205011,SINGLE_STRAIGHT_MOVEMENT_FLOOR_PLANE_SMALL
205012,SINGLE_STRAIGHT_MOVEMENT_FLOOR_PLANE_MEDIUM
205013,SINGLE_STRAIGHT_MOVEMENT_FLOOR_PLANE_LARGE
205014,SINGLE_STRAIGHT_MOVEMENT_FLOOR_PLANE_LARGEST
205015,SINGLE_WRIST_FLEX_FLOOR_PLANE
205021,DOUBLE_STRAIGHT_MOVEMENT_FLOOR_PLANE
205022,DOUBLE_WRIST_FLEX_FLOOR_PLANE
205031,DOUBLE_ALTERNATING_MOVEMENT_FLOOR_PLANE
205032,DOUBLE_ALTERNATING_WRIST_FLEX_FLOOR_PLANE
205041,CROSS_MOVEMENT_FLOOR_PLANE
205051,TRIPLE_STRAIGHT_MOVEMENT_FLOOR_PLANE
205052,TRIPLE_WRIST_FLEX_FLOOR_PLANE
205061,TRIPLE_ALTERNATING_MOVEMENT_FLOOR_PLANE
205062,TRIPLE_ALTERNATING_WRIST_FLEX_FLOOR_PLANE
205071,BENT_FLOOR_PLANE
205081,CORNER_FLOOR_PLANE_SMALL
205082,CORNER_FLOOR_PLANE_MEDIUM
205083,CORNER_FLOOR_PLANE_LARGE
205091,CHECK_FLOOR_PLANE
205101,BOX_FLOOR_PLANE_SMALL
205102,BOX_FLOOR_PLANE_MEDIUM
205103,BOX_FLOOR_PLANE_LARGE
205111,ZIGZAG_FLOOR_PLANE_SMALL
205112,ZIGZAG_FLOOR_PLANE_MEDIUM
205113,ZIGZAG_FLOOR_PLANE_LARGE
205121,PEAKS_FLOOR_PLANE_SMALL
205122,PEAKS_FLOOR_PLANE_MEDIUM
205123,PEAKS_FLOOR_PLANE_LARGE
205131,TRAVEL_ROTATION_SINGLE_FLOOR_PLANE_FILLED_ARROW
205141,TRAVEL_ROTATION_DOUBLE_FLOOR_PLANE_FILLED_ARROW
205151,TRAVEL_ROTATION_ALTERNATING_FLOOR_PLANE_FILLED_ARROW
205161,TRAVEL_ROTATION_SINGLE_WALL_PLANE_FILLED_ARROW
205171,TRAVEL_ROTATION_DOUBLE_WALL_PLANE_FILLED_ARROW
205181,TRAVEL_ROTATION_ALTERNATING_WALL_PLANE_FILLED_ARROW
205191,TRAVEL_SHAKING_FLOOR_PLANE
206011,CURVE_WALL_PLANE_QUARTER_SMALL
206012,CURVE_WALL_PLANE_QUARTER_MEDIUM
206013,CURVE_WALL_PLANE_QUARTER_LARGE
206014,CURVE_WALL_PLANE_QUARTER_LARGEST
206021,CURVE_WALL_PLANE_HALF_CIRCLE_SMALL
206022,CURVE_WALL_PLANE_HALF_CIRCLE_MEDIUM
206023,CURVE_WALL_PLANE_HALF_CIRCLE_LARGE
206024,CURVE_WALL_PLANE_HALF_CIRCLE_LARGEST
206031,CURVE_WALL_PLANE_3_QUARTER_CIRCLE_SMALL
206032,CURVE_WALL_PLANE_3_QUARTER_CIRCLE_MEDIUM
206041,HUMP_WALL_PLANE_SMALL
206042,HUMP_WALL_PLANE_MEDIUM
206043,HUMP_WALL_PLANE_LARGE
206051,LOOP_WALL_PLANE_SMALL
206052,LOOP_WALL_PLANE_MEDIUM
206053,LOOP_WALL_PLANE_LARGE
206054,LOOP_WALL_PLANE_SMALL_DOUBLE
206061,WAVE_WALL_PLANE_2_CURVES_SMALL
206062,WAVE_WALL_PLANE_2_CURVES_MEDIUM
206063,WAVE_WALL_PLANE_2_CURVES_LARGE
206064,WAVE_WALL_PLANE_3_CURVES_SMALL
206065,WAVE_WALL_PLANE_3_CURVES_MEDIUM
206066,WAVE_WALL_PLANE_3_CURVES_LARGE
206071,CURVE_THEN_STRAIGHT_MOVEMENT_WALL_PLANE
206072,CURVED_CROSS_MOVEMENT_WALL_SMALL
206073,CURVED_CROSS_MOVEMENT_WALL_MEDIUM
206081,ROTATION_SINGLE_WALL_PLANE
206091,ROTATION_DOUBLE_WALL_PLANE
206101,ROTATION_ALTERNATE_WALL_PLANE
206111,SHAKING_WALL_PLANE
207011,CURVE_HITS_FRONT_WALL
207021,HUMP_HITS_FRONT_WALL
207031,LOOP_HITS_FRONT_WALL
207041,WAVE_HITS_FRONT_WALL
207051,ROTATION_SINGLE_HITS_FRONT_WALL
207061,ROTATION_DOUBLE_HITS_FRONT_WALL
207071,ROTATION_ALTERNATING_HITS_FRONT_WALL
207091,CURVE_HITS_CHEST
207101,HUMP_HITS_CHEST
207111,LOOP_HITS_CHEST
207121,WAVE_HITS_CHEST
207131,ROTATION_SINGLE_HITS_CHEST
207141,ROTATION_DOUBLE_HITS_CHEST
207151,ROTATION_ALTERNATIVE_HITS_CHEST
207161,WAVE_DIAGONAL_PATH_SMALL
207162,WAVE_DIAGONAL_PATH_MEDIUM
207163,WAVE_DIAGONAL_PATH_LARGE
208011,CURVE_HITS_CEILING_SMALL
208012,CURVE_HITS_CEILING_LARGE
208021,HUMP_HITS_CEILING_2_HUMPS_SMALL
208022,HUMP_HITS_CEILING_2_HUMPS_LARGE
208023,HUMP_HITS_CEILING_3_HUMPS_SMALL
208024,HUMP_HITS_CEILING_3_HUMPS_LARGE
208031,LOOP_HITS_CEILING_SMALL_SINGLE
208032,LOOP_HITS_CEILING_LARGE_SINGLE
208033,LOOP_HITS_CEILING_SMALL_DOUBLE
208034,LOOP_HITS_CEILING_LARGE_DOUBLE
208041,WAVE_HITS_CEILING_SMALL
208042,WAVE_HITS_CEILING_LARGE
208051,ROTATION_SINGLE_HITS_CEILING
208061,ROTATION_DOUBLE_HITS_CEILING
208071,ROTATION_ALTERNATING_HITS_CEILING
208081,CURVE_HITS_FLOOR_SMALL
208082,CURVE_HITS_FLOOR_LARGE
208091,HUMP_HITS_FLOOR_2_HUMPS_SMALL
208092,HUMP_HITS_FLOOR_2_HUMPS_LARGE
208093,HUMP_HITS_FLOOR_3_HUMPS_SMALL
208094,HUMP_HITS_FLOOR_3_HUMPS_LARGE
208101,LOOP_HITS_FLOOR_SMALL_SINGLE
208102,LOOP_HITS_FLOOR_LARGE_SINGLE
208103,LOOP_HITS_FLOOR_SMALL_DOUBLE
208104,LOOP_HITS_FLOOR_LARGE_DOUBLE
208111,WAVE_HITS_FLOOR_SMALL
208112,WAVE_HITS_FLOOR_LARGE
208121,ROTATION_SINGLE_HITS_FLOOR
208131,ROTATION_DOUBLE_HITS_FLOOR
208141,ROTATION_ALTERNATING_HITS_FLOOR
209011,CURVE_FLOOR_PLANE_SMALL
209012,CURVE_FLOOR_PLANE_MEDIUM_1
209013,CURVE_FLOOR_PLANE_MEDIUM_2
209014,CURVE_FLOOR_PLANE_LARGE
209015,CURVE_FLOOR_PLANE_COMBINED
209021,HUMP_FLOOR_PLANE_SMALL
209031,LOOP_FLOOR_PLANE_SMALL
209041,WAVE_FLOOR_PLANE_SNAKE
209042,WAVE_FLOOR_PLANE_SMALL
209043,WAVE_FLOOR_PLANE_LARGE
209051,ROTATION_SINGLE_FLOOR_PLANE
209061,ROTATION_DOUBLE_FLOOR_PLANE
209071,ROTATION_ALTERNATING_FLOOR_PLANE
209081,SHAKING_PARALLEL_FLOOR
210011,ARM_CIRCLE_WALL_SMALL_SINGLE
210012,ARM_CIRCLE_WALL_MEDIUM_SINGLE
210021,ARM_CIRCLE_WALL_SMALL_DOUBLE
210022,ARM_CIRCLE_WALL_MEDIUM_DOUBLE
210031,ARM_CIRCLE_HITS_WALL_SMALL_SINGLE
210032,ARM_CIRCLE_HITS_WALL_MEDIUM_SINGLE
210033,ARM_CIRCLE_HITS_WALL_LARGE_SINGLE
210041,ARM_CIRCLE_HITS_WALL_SMALL_DOUBLE
210042,ARM_CIRCLE_HITS_WALL_MEDIUM_DOUBLE
210043,ARM_CIRCLE_HITS_WALL_LARGE_DOUBLE
210051,WRIST_CIRCLE_FRONT_WALL_SINGLE
210052,WRIST_CIRCLE_FRONT_WALL_DOUBLE
210061,WRIST_CIRCLE_HITS_WALL_SINGLE
210062,WRIST_CIRCLE_HITS_WALL_DOUBLE
210071,FINGER_CIRCLES_WALL_SINGLE
210072,FINGER_CIRCLES_WALL_DOUBLE
210073,FINGER_CIRCLES_HITS_WALL_SINGLE
210074,FINGER_CIRCLES_HITS_WALL_DOUBLE
210081,ARROWHEADS_SMALL
210082,ARROWHEADS_LARGE
301011,FAST
301021,SLOW
301031,TENSE
301032,RELAXED
301041,SAME_TIME
301042,SAME_TIME_ALTERNATING
301043,EVERY_OTHER_TIME
301044,GRADUAL
401011,HEAD_WITH_SHOULDERS_OR_NOSE
401011,STANDARD
401021,HEAD_RIMS
401031,HEAD_MOVEMENT_STRAIGHT_WALL_PLANE
401041,HEAD_MOVEMENT_TILTS_WALL_PLANE
401051,HEAD_MOVEMENT_STRAIGHT_FLOOR_PLANE
401061,HEAD_MOVEMENT_CURVES_WALL_PLANE
401071,HEAD_MOVEMENT_CURVES_FLOOR_PLANE
401081,HEAD_MOVEMENT_CIRCLES
401091,FACE_DIRECTION_POSITIONS_NOSE_FORWARD_TILTING
401101,FACE_DIRECTION_POSITIONS_NOSE_UP_OR_DOWN
401102,FACE_DIRECTION_POSITIONS_NOSE_UP_OR_DOWN_TILTING
402011,EYEBROWS_STRAIGHT_UP
402012,EYEBROWS_STRAIGHT_NEUTRAL
402013,EYEBROWS_STRAIGHT_DOWN
402021,DREAMY_EYEBROWS_NEUTRAL_DOWN
402022,DREAMY_EYEBROWS_DOWN_NEUTRAL
402023,DREAMY_EYEBROWS_UP_NEUTRAL
402024,DREAMY_EYEBROWS_NEUTRAL_UP
402031,FOREHEAD_NEUTRAL
402032,FOREHEAD_CONTACT
402033,FOREHEAD_WRINKLED
402041,EYES_OPEN
402042,EYES_SQUEEZED
402043,EYES_CLOSED
402044,EYE_BLINK_SINGLE
402045,EYE_BLINKS_MULTIPLE
402051,EYES_HALF_OPEN
402052,EYES_WIDE_OPEN
402053,EYES_HALF_CLOSED
402054,EYES_WIDENING_MOVEMENT
402055,EYE_WINK_SQUEEZED_EYE_BLINK
402061,EYELASHES_UP
402062,EYELASHES_DOWN
402063,EYELASHES_FLUTTERING
402071,EYEGAZE_STRAIGHT_WALL_PLANE
402072,EYEGAZE_STRAIGHT_WALL_DOUBLE
402073,EYEGAZE_STRAIGHT_WALL_ALTERNATE
402081,EYEGAZE_STRAIGHT_FLOOR_PLANE
402082,EYEGAZE_STRAIGHT_FLOOR_DOUBLE
402083,EYEGAZE_STRAIGHT_FLOOR_ALTERNATE
402091,EYEGAZE_CURVED_WALL_PLANE
402101,EYEGAZE_CURVED_FLOOR_PLANE
402111,EYEGAZE_CIRCLES_WALL_PLANE
403011,CHEEKS_PUFFED
403012,CHEEKS_NEUTRAL
403013,CHEEKS_SUCKED
403021,TENSE_CHEEKS_HIGH
403022,TENSE_CHEEKS_MIDDLE
403023,TENSE_CHEEKS_LOW
403031,EARS
403041,NOSE_NEUTRAL
403042,NOSE_CONTACT
403043,NOSE_WRINKLES
403044,NOSE_WIGGLES
403051,AIR_BLOWING_OUT
403052,AIR_SUCKING_IN
403071,BREATH_EXHALE
403072,BREATH_INHALE
404011,MOUTH_CLOSED_NEUTRAL
404012,MOUTH_CLOSED_FORWARD
404013,MOUTH_CLOSED_CONTACT
404021,MOUTH_SMILE
404022,MOUTH_SMILE_WRINKLED
404023,MOUTH_SMILE_OPEN
404031,MOUTH_FROWN
404032,MOUTH_FROWN_WRINKLED
404033,MOUTH_FROWN_OPEN
404041,MOUTH_OPEN_CIRCLE
404042,MOUTH_OPEN_FORWARD
404043,MOUTH_OPEN_WRINKLED
404051,MOUTH_OPEN_OVAL
404052,MOUTH_OPEN_OVAL_WRINKLED
404053,MOUTH_OPEN_OVAL_YAWN
404061,MOUTH_OPEN_RECTANGLE
404062,MOUTH_OPEN_RECTANGLE_WRINKLED
404063,MOUTH_OPEN_RECTANGLE_YAWN
404071,MOUTH_KISS
404072,MOUTH_KISS_FORWARD
404073,MOUTH_KISS_WRINKLED
404081,MOUTH_TENSE
404082,MOUTH_TENSE_FORWARD
404083,MOUTH_TENSE_SUCKED
404091,LIPS_PRESSED_TOGETHER
404092,LIP_LOWER_OVER_UPPER
404093,LIP_UPPER_OVER_LOWER
404101,MOUTH_CORNERS
404111,MOUTH_WRINKLES_SINGLE
404112,MOUTH_WRINKLES_DOUBLE
405011,TONGUE_STICKS_OUT_FAR
405012,TONGUE_LICKS_LIPS
405013,TONGUE_TIP_BETWEEN_LIPS
405014,TONGUE_TIP_TOUCHES_INSIDE_MOUTH
405015,TONGUE_INSIDE_MOUTH_RELAXED
405021,TONGUE_MOVES_AGAINST_CHEEK_CHEEK_ITSELF
405031,TONGUE_CENTER_STICKS_OUT
405041,TONGUE_CENTER_INSIDE_MOUTH
405051,TEETH
405052,TEETH_MOVEMENT
405061,TEETH_ON_TONGUE
405062,TEETH_ON_TONGUE_MOVEMENT
405071,TEETH_ON_LIPS
405072,TEETH_ON_LIPS_MOVEMENT
405081,TEETH_BITE_LIPS
405091,JAW_MOVEMENT_WALL_PLANE
405101,JAW_MOVEMENT_FLOOR_PLANE
405111,NECK
405121,HAIR
405131,EXCITEMENT
501011,SHOULDER_HIP_SPINE
501021,SHOULDER_HIP_POSITIONS
501031,SHOULDER_HIP_MOVE_WALL_PLANE
501041,SHOULDER_HIP_MOVE_FLOOR_PLANE
501051,SHOULDER_TILTS
501061,TORSO_STRAIGHT_STRETCH_WALL
501071,TORSO_CURVED_BLEND_WALL
501081,TORSO_TWIST_FLOOR_PLANE
501091,UPPER_BODY_TILTS
502011,LIMB_COMBINATIONS
502021,LIMB_LENGTH_1
502022,LIMB_LENGTH_2
502023,LIMB_LENGTH_3
502024,LIMB_LENGTH_4
502031,LIMB_LENGTH_5
502032,LIMB_LENGTH_6
502033,LIMB_LENGTH_7
502041,FINGERS
601011,LOCATION_SPACE_WALL_PLANE
601012,LOCATION_SPACE_FLOOR_PLANE
601021,LOCATION_HEIGHT
601031,LOCATION_WIDTH
601041,LOCATION_DEPTH
601051,LOCATION_HEAD_NECK
601061,LOCATION_TORSO
601071,LOCATION_LIMBS_DIGITS
701011,COMMA
701012,PERIOD
701021,SEMICOLON
701022,COLON
701031,PARENTHESES
